----------------------------------------------------------------------------------------------
----------------------------------------------------------------------------------------------
--------------Application initial data seeding script for SQL server database-----------------
----------------------------------------------------------------------------------------------
----------------------------------------------------------------------------------------------

-----------------------------------------NOTE-------------------------------------------------
--------------Before script execution run Update-Database to apply migrations-----------------
----------------------------------------------------------------------------------------------
--Update-Database -StartupProject Credit.Data -Project Credit.Data -Context AppDbContext
--Update-Database -StartupProject Credit.Data -Project Credit.Data -Context IdentityDbContext
----------------------------------------------------------------------------------------------


USE [Credit.App]


--Customer Statuses
SET IDENTITY_INSERT CustomerStatuses ON

INSERT INTO CustomerStatuses (CustomerStatusID, CustomerStatusValue)
	VALUES (1,'Active'), (2,'Paid')

SET IDENTITY_INSERT CustomerStatuses OFF


--Customers
INSERT INTO Customers ( CustomerId, BirthDate, CustomerStatusID, FirstName, LastName, PersonalId) 
	VALUES(5134,'1996-11-25',2,'Maria','Anders','8259367009')
	,(8208,'1984-07-23',1,'Ana','Trujillo','7918462402')
	,(8856,'1987-06-18',2,'Antonio','Moreno','9205786432')
	,(3973,'2002-06-28',2,'Thomas','Hardy','9857535647')
	,(1708,'2007-05-15',1,'Christina','Berglund','8169642971')
	,(4889,'1999-04-05',2,'Hanna','Moos','1103813563')
	,(7908,'1988-08-21',1,'Frédérique','Citeaux','2466808008')
	,(6741,'1999-11-10',1,'Martín','Sommer','5235059692')
	,(156,'2004-07-14',1,'Laurence','Lebihan','1264836702')
	,(7656,'2011-06-24',2,'Elizabeth','Lincoln','6064374627')
	,(5776,'1997-05-25',2,'Victoria','Ashworth','9065608456')
	,(6664,'1991-06-15',2,'Patricio','Simpson','5804907314')
	,(3378,'1986-12-05',1,'Francisco','Chang','6727651910')
	,(3955,'1994-11-18',2,'Yang','Wang','6209630367')
	,(9928,'2001-10-09',2,'Pedro','Afonso','2129034985')
	,(2667,'2012-08-25',1,'Elizabeth','Brown','1704336986')
	,(1175,'1998-10-02',1,'Sven','Ottlieb','8738113450')
	,(956,'1984-02-10',2,'Janine','Labrune','2684881184')
	,(610,'1989-01-30',2,'Ann','Devon','4682539229')
	,(8045,'2005-06-29',2,'Roland','Mendel','5700840606')
	,(6543,'1993-09-18',2,'Aria','Cruz','4846846854')
	,(3009,'2003-05-23',1,'Diego','Roel','1117923980')
	,(8663,'2005-12-16',1,'Martine','Rancé','2836627314')
	,(8096,'1996-10-06',2,'Maria','Larsson','2970022352')
	,(6462,'1997-05-27',1,'Peter','Franken','5571605352')
	,(2635,'1984-12-18',2,'Carine','Schmitt','8908082939')
	,(3817,'1983-10-15',2,'Paolo','Accorti','4958522348')
	,(5327,'1987-02-13',2,'Lino','Rodriguez','9557334124')
	,(2242,'1988-07-12',1,'Eduardo','Saavedra','3351385565')
	,(1395,'1980-05-16',1,'José','Pedro Freyre','6349214814')
	,(2861,'2007-04-28',1,'André','Fonseca','5613324868')
	,(9910,'2014-06-14',1,'Howard','Snyder','4827679575')


--Address Types
SET IDENTITY_INSERT AddressTypes ON

INSERT INTO AddressTypes (AddressTypeID, AddressTypeValue)
	VALUES (1,'Permanent'), (2,'Temporary')

SET IDENTITY_INSERT AddressTypes OFF

-- Addresses
INSERT INTO  Addresses (AddressTypeId,Street,City,Zip,CustomerId)
	VALUES(1,'052 Sycamore Park','Shchekino','42382',5134)
	,(1,'9 Stang Trail','Castro Daire','42373',8208)
	,(1,'18418 Kensington Parkway','Vigo','42380',8856)
	,(1,'562 Morningstar Hill','Baganha','42374',3973)
	,(1,'39284 Northview Alley','Slantsy','42383',1708)
	,(1,'54327 1st Parkway','Caen','42383',4889)
	,(1,'0753 Waxwing Park','Sao Vicente de Ferreira','42391',7908)
	,(1,'9338 Stephen Park','Shitong','42393',6741)
	,(1,'531 North Avenue','Stírion','42396',156)
	,(1,'6 Thackeray Crossing','Melong','42370',7656)
	,(1,'9 Cottonwood Road','Sierra Imataca','42381',5776)
	,(1,'338 Beilfuss Circle','Bato','42379',6664)
	,(1,'69888 Carpenter Trail','San Felipe','42390',3378)
	,(1,'8 Northport Park','Novokuybyshevsk','42389',3955)
	,(1,'792 Mcbride Terrace','Shuangxi','42378',9928)
	,(1,'07 Butternut Way','Cikaludan','42393',2667)
	,(1,'57 Anthes Avenue','Birr','42374',1175)
	,(1,'7431 Vermont Drive','Lac-Mégantic','42383',956)
	,(1,'0520 Sycamore Court','Fryazino','42375',610)
	,(1,'3 Jay Parkway','Yixin','42372',8045)
	,(1,'1059 Sutteridge Street','Angol','42381',6543)
	,(1,'43222 Judy Lane','Mohammedia','42375',3009)
	,(1,'4327 Loeprich Street','Halden','42377',8663)
	,(1,'1 Eliot Drive','Río Grande','42396',8096)
	,(1,'492 Cordelia Circle','Vom','42396',6462)
	,(1,'97 Lotheville Avenue','Fak Tha','42398',2635)
	,(1,'99399 Moose Center','Kaolinovo','42372',3817)
	,(1,'1009 Bultman Way','Hobscheid','42400',5327)
	,(1,'51721 Annamark Junction','Sandvika','42395',2242)
	,(1,'1 Beilfuss Center','Casuguran','42396',1395)
	,(1,'5 Spenser Plaza','Lexington','42393',2861)
	,(1,'1634 Manley Circle','Busungbiu','42389',9910)
	,(2,'69888 Carpenter Trail','San Felipe','42390',3378)
	,(2,'8 Northport Park','Novokuybyshevsk','42389',3955)
	,(2,'792 Mcbride Terrace','Shuangxi','42378',9928)
	,(2,'07 Butternut Way','Cikaludan','42393',2667)
	,(2,'57 Anthes Avenue','Birr','42374',1175)
	,(2,'7431 Vermont Drive','Lac-Mégantic','42383',956)
	,(2,'0520 Sycamore Court','Fryazino','42375',610)
	,(2,'3 Jay Parkway','Yixin','42372',8045)
	,(2,'1059 Sutteridge Street','Angol','42381',6543)
	,(2,'43222 Judy Lane','Mohammedia','42375',3009)
	,(2,'4327 Loeprich Street','Halden','42377',8663)
	,(2,'1 Eliot Drive','Río Grande','42396',8096)
	,(2,'492 Cordelia Circle','Vom','42396',6462)
	,(2,'97 Lotheville Avenue','Fak Tha','42398',2635)
	,(2,'99399 Moose Center','Kaolinovo','42372',3817)
	,(2,'1009 Bultman Way','Hobscheid','42400',5327)
	,(2,'51721 Annamark Junction','Sandvika','42395',2242)
	,(2,'1 Beilfuss Center','Casuguran','42396',1395)
	,(2,'5 Spenser Plaza','Lexington','42393',2861)
	,(2,'1634 Manley Circle','Busungbiu','42389',9910)


--Agreements
INSERT INTO  Agreements (AgreementId, CustomerId, IssueValue, PaidUpDate, ProductTerm, ProductType, StartDate)
	VALUES(6962034561,5134,97000,'2016-03-06',10,'Monthly','2010-03-24')
	,(3845234429,8208,21000,'2018-10-31',10,'Monthly','1981-12-26')
	,(3473024941,8856,2000,'2017-11-24',2,'Monthly','1998-12-29')
	,(6405422409,3973,92000,'2017-06-16',10,'Monthly','2009-04-24')
	,(1989025582,1708,92000,'2016-03-30',2,'Monthly','1985-12-31')
	,(3175960115,4889,22000,'2018-04-25',15,'Monthly','1997-03-06')
	,(9804837001,7908,53000,'2017-01-21',15,'Monthly','2003-11-27')
	,(4981991449,6741,56000,'2017-11-27',10,'Monthly','1999-02-20')
	,(1099064406,156,40000,'2016-03-24',10,'Monthly','2008-12-23')
	,(5872319869,7656,66000,NULL,10,'Monthly','1989-08-28')
	,(9953736839,5776,3000,NULL,2,'Monthly','1985-04-22')
	,(5801574811,6664,48000,NULL,10,'Monthly','1986-09-24')
	,(3309661158,3378,69000,NULL,2,'Weekly','1980-11-27')
	,(3458827485,3955,76000,NULL,15,'Weekly','2009-01-13')
	,(9048698278,9928,16000,NULL,15,'Weekly','2003-07-21')
	,(7793237742,2667,34000,NULL,10,'Weekly','1992-01-07')
	,(7375150403,1175,43000,NULL,10,'Weekly','1999-12-02')
	,(8540937758,956,76000,NULL,10,'Weekly','1990-08-02')
	,(3155075876,610,16000,NULL,2,'Weekly','2007-06-04')
	,(9340674614,8045,6000,NULL,10,'Weekly','1997-02-16')
	,(9944461296,6543,58000,NULL,2,'Weekly','1993-03-10')
	,(2923177658,3009,41000,NULL,15,'Weekly','2012-12-06')
	,(5678262238,8663,79000,NULL,16,'Weekly','1987-02-07')
	,(2008109917,8096,50000,NULL,17,'Weekly','2015-05-01')
	,(1119189669,6462,89000,NULL,18,'Weekly','2018-12-22')
	,(9316571436,2635,27000,NULL,19,'Weekly','1985-09-22')
	,(3595731200,3817,87000,NULL,20,'Weekly','1994-11-16')
	,(4619460680,5327,78000,NULL,21,'Weekly','1981-10-31')
	,(7489166961,2242,100000,NULL,22,'Weekly','2011-02-05')
	,(3351187278,1395,59000,NULL,23,'Weekly','2001-07-11')
	,(6636813313,2861,10000,NULL,24,'Weekly','2004-06-19')
	,(2410573698,9910,97000,NULL,25,'Weekly','1995-08-04')
	,(1022116689,5134,9000,'2018-03-14',10,'Monthly','2006-04-25')
	,(9571986321,8208,69000,'2016-08-30',10,'Monthly','2016-11-02')
	,(5932945259,8856,34000,'2017-08-08',2,'Monthly','1989-10-26')
	,(2199819284,3973,100000,'2016-03-17',10,'Monthly','1994-02-08')
	,(2825418505,1708,15000,'2017-01-07',2,'Monthly','2014-05-30')
	,(7159028729,4889,24000,'2016-02-27',15,'Monthly','2012-11-30')
	,(8816388713,7908,98000,'2018-12-10',15,'Monthly','1986-06-03')
	,(9858164527,6741,78000,'2018-12-01',10,'Monthly','2018-09-22')
	,(9025118652,156,43000,'2017-06-30',10,'Monthly','1999-12-11')
	,(9164371913,7656,21000,NULL,10,'Monthly','1987-02-23')
	,(7297915727,5776,54000,NULL,2,'Monthly','1995-07-24')
	,(8824384688,6664,85000,NULL,10,'Monthly','1985-06-15')
	,(4567535451,3378,74000,NULL,2,'Weekly','1998-03-18')
	,(9897906047,3955,25000,NULL,15,'Weekly','2016-01-03')
	,(2649726683,9928,51000,NULL,15,'Weekly','2016-03-27')
	,(8286897262,2667,52000,NULL,10,'Weekly','2002-02-05')
	,(7556302477,1175,82000,NULL,10,'Weekly','1981-11-15')
	,(9693230288,956,63000,NULL,10,'Weekly','2007-01-30')
	,(2693639472,610,95000,NULL,2,'Weekly','2002-12-21')
	,(7097820172,8045,69000,NULL,10,'Weekly','1987-06-20')


--Comment Types
SET IDENTITY_INSERT CommentTypes ON

INSERT INTO CommentTypes (CommentTypeID, CommentTypeValue)
	VALUES (1,'Internal'), (2,'External'), (3,'System')

SET IDENTITY_INSERT CommentTypes OFF


--Comments
INSERT INTO  Comments (CommentTypeId,CommentDate,CommentDescription,CustomerId)
	VALUES(2,'2016-01-29','Vestibulum ante ipsum primis in faucibus orci luctus et ultrices posuere cubilia Curae; Donec pharetra, magna vestibulum aliquet ultrices, erat tortor sollicitudin mi, sit amet lobortis sapien sapien non mi.',5134)
	,(3,'2016-01-08','Nullam orci pede, venenatis non, sodales sed, tincidunt eu, felis. Fusce posuere felis sed lacus.',8208)
	,(1,'2016-01-31','Etiam vel augue. Vestibulum rutrum rutrum neque.',8856)
	,(3,'2016-01-14','Donec posuere metus vitae ipsum. Aliquam non mauris.',3973)
	,(3,'2016-01-30','Curabitur gravida nisi at nibh. In hac habitasse platea dictumst.',1708)
	,(3,'2016-01-10','Vestibulum ante ipsum primis in faucibus orci luctus et ultrices posuere cubilia Curae; Donec pharetra, magna vestibulum aliquet ultrices, erat tortor sollicitudin mi, sit amet lobortis sapien sapien non mi.',4889)
	,(1,'2016-01-30','Fusce consequat.',7908)
	,(2,'2016-01-24','Lorem ipsum dolor sit amet, consectetuer adipiscing elit.',6741)
	,(1,'2016-01-19','Nulla neque libero, convallis eget, eleifend luctus, ultricies eu, nibh.',156)
	,(1,'2016-01-25','Integer pede justo, lacinia eget, tincidunt eget, tempus vel, pede. Morbi porttitor lorem id ligula.',7656)
	,(3,'2016-01-14','Maecenas tincidunt lacus at velit.',5776)
	,(1,'2016-01-15','In hac habitasse platea dictumst. Morbi vestibulum, velit id pretium iaculis, diam erat fermentum justo, nec condimentum neque sapien placerat ante.',6664)
	,(3,'2016-01-21','Nunc rhoncus dui vel sem.',3378)
	,(3,'2016-01-25','Vivamus in felis eu sapien cursus vestibulum.',3955)
	,(2,'2016-01-25','Nunc purus.',9928)
	,(2,'2016-01-18','Fusce posuere felis sed lacus.',2667)
	,(2,'2016-01-05','Nam congue, risus semper porta volutpat, quam pede lobortis ligula, sit amet eleifend pede libero quis orci.',1175)
	,(1,'2016-01-01','Integer aliquet, massa id lobortis convallis, tortor risus dapibus augue, vel accumsan tellus nisi eu orci. Mauris lacinia sapien quis libero.',956)
	,(3,'2016-01-18','Nulla facilisi. Cras non velit nec nisi vulputate nonummy.',610)
	,(2,'2016-01-26','Nulla mollis molestie lorem. Quisque ut erat.',8045)
	,(2,'2016-01-07','Nam congue, risus semper porta volutpat, quam pede lobortis ligula, sit amet eleifend pede libero quis orci.',6543)
	,(2,'2016-01-19','Vestibulum rutrum rutrum neque. Aenean auctor gravida sem.',3009)
	,(2,'2016-01-31','Aenean fermentum.',8663)
	,(2,'2016-01-02','Etiam faucibus cursus urna. Ut tellus.',8096)
	,(1,'2016-01-16','Duis ac nibh. Fusce lacus purus, aliquet at, feugiat non, pretium quis, lectus.',6462)
	,(1,'2016-01-01','Duis at velit eu est congue elementum.',2635)
	,(1,'2016-01-24','Donec posuere metus vitae ipsum.',3817)
	,(2,'2016-01-24','Etiam pretium iaculis justo. In hac habitasse platea dictumst.',5327)
	,(2,'2016-01-05','Praesent blandit.',2242)
	,(3,'2016-01-12','Quisque arcu libero, rutrum ac, lobortis vel, dapibus at, diam. Nam tristique tortor eu pede.',1395)
	,(3,'2016-01-02','Maecenas tincidunt lacus at velit. Vivamus vel nulla eget eros elementum pellentesque.',2861)
	,(3,'2016-01-28','In est risus, auctor sed, tristique in, tempus sit amet, sem.',9910)
	,(1,'2016-01-21','Vivamus in felis eu sapien cursus vestibulum.',5134)
	,(2,'2016-01-04','Nunc purus.',8208)
	,(3,'2016-01-27','Fusce posuere felis sed lacus.',8856)
	,(1,'2016-01-06','Nam congue, risus semper porta volutpat, quam pede lobortis ligula, sit amet eleifend pede libero quis orci.',3973)
	,(1,'2016-01-29','Integer aliquet, massa id lobortis convallis, tortor risus dapibus augue, vel accumsan tellus nisi eu orci. Mauris lacinia sapien quis libero.',1708)
	,(2,'2016-01-30','Nulla facilisi. Cras non velit nec nisi vulputate nonummy.',4889)
	,(3,'2016-01-21','Nulla mollis molestie lorem. Quisque ut erat.',7908)
	,(1,'2016-01-09','Nam congue, risus semper porta volutpat, quam pede lobortis ligula, sit amet eleifend pede libero quis orci.',6741)
	,(2,'2016-01-15','Vestibulum rutrum rutrum neque. Aenean auctor gravida sem.',156)
	,(1,'2016-01-18','Aenean fermentum.',7656)
	,(2,'2016-01-31','Etiam faucibus cursus urna. Ut tellus.',5776)
	,(3,'2016-01-23','Duis ac nibh. Fusce lacus purus, aliquet at, feugiat non, pretium quis, lectus.',6664)
	,(1,'2016-01-22','Duis at velit eu est congue elementum.',3378)
	,(3,'2016-01-19','Donec posuere metus vitae ipsum.',3955)
	,(2,'2016-01-03','Etiam pretium iaculis justo. In hac habitasse platea dictumst.',9928)
	,(2,'2016-01-03','Praesent blandit.',2667)
	,(1,'2016-01-30','Quisque arcu libero, rutrum ac, lobortis vel, dapibus at, diam. Nam tristique tortor eu pede.',1175)
	,(1,'2016-01-07','Maecenas tincidunt lacus at velit. Vivamus vel nulla eget eros elementum pellentesque.',956)
	,(3,'2016-01-10','In est risus, auctor sed, tristique in, tempus sit amet, sem.',610)
	,(1,'2016-01-01','Vestibulum ante ipsum primis in faucibus orci luctus et ultrices posuere cubilia Curae; Donec pharetra, magna vestibulum aliquet ultrices, erat tortor sollicitudin mi, sit amet lobortis sapien sapien non mi.',8045)
	,(1,'2016-01-27','Nullam orci pede, venenatis non, sodales sed, tincidunt eu, felis. Fusce posuere felis sed lacus.',6543)
	,(1,'2016-01-21','Etiam vel augue. Vestibulum rutrum rutrum neque.',3009)
	,(1,'2016-01-26','Donec posuere metus vitae ipsum. Aliquam non mauris.',8663)
	,(1,'2016-01-23','Curabitur gravida nisi at nibh. In hac habitasse platea dictumst.',8096)
	,(3,'2016-01-27','Vestibulum ante ipsum primis in faucibus orci luctus et ultrices posuere cubilia Curae; Donec pharetra, magna vestibulum aliquet ultrices, erat tortor sollicitudin mi, sit amet lobortis sapien sapien non mi.',6462)
	,(2,'2016-01-28','Fusce consequat.',2635)
	,(2,'2016-01-14','Lorem ipsum dolor sit amet, consectetuer adipiscing elit.',3817)
	,(3,'2016-01-24','Nulla neque libero, convallis eget, eleifend luctus, ultricies eu, nibh.',5327)
	,(2,'2016-01-24','Integer pede justo, lacinia eget, tincidunt eget, tempus vel, pede. Morbi porttitor lorem id ligula.',2242)
	,(2,'2016-01-28','Maecenas tincidunt lacus at velit.',1395)
	,(1,'2016-01-22','In hac habitasse platea dictumst. Morbi vestibulum, velit id pretium iaculis, diam erat fermentum justo, nec condimentum neque sapien placerat ante.',2861)
	,(3,'2016-01-16','Nunc rhoncus dui vel sem.',9910)


